metric_id,항목,값,단위,기준기간,발표기관,출처,url,확인방법
card_total_amount,전체 카드 승인금액,1266.1,조원,2025년 연간,여신금융협회,이데일리,https://edaily.co.kr/News/Read?mediaCodeNo=257&newsId=02978246645322968,뉴스 검색 결과 (복수 기사 일치)
card_total_count,전체 카드 승인건수,297.8,억건,2025년 연간,여신금융협회,이데일리,https://edaily.co.kr/News/Read?mediaCodeNo=257&newsId=02978246645322968,뉴스 검색 결과 (복수 기사 일치)
card_total_ticket,전체 건당 평균 승인금액 (법인 포함),42522,원,2025년 연간,여신금융협회,아시아경제,https://view.asiae.co.kr/article/2026013009233453559,뉴스 검색 결과 (복수 기사 일치)
personal_amount_q1,개인카드 승인금액,247.5,조원,2025년 1분기,여신금융협회,브릿지경제,https://www.viva100.com/article/20250430501098,뉴스 검색 결과 (복수 기사 일치)
personal_count_q1,개인카드 승인건수,64.8,억건,2025년 1분기,여신금융협회,머니S,https://www.moneys.co.kr/article/2025043008535787073,뉴스 검색 결과
personal_amount_q2,개인카드 승인금액,254.8,조원,2025년 2분기,여신금융협회,FETV,https://www.fetv.co.kr/news/article.html?no=197903,뉴스 검색 결과
personal_count_q2,개인카드 승인건수,71.0,억건,2025년 2분기,여신금융협회,FETV,https://www.fetv.co.kr/news/article.html?no=197903,뉴스 검색 결과
personal_amount_q3,개인카드 승인금액,265.7,조원,2025년 3분기,여신금융협회,서울신문,https://www.seoul.co.kr/news/economy/2025/10/31/20251031500040,뉴스 검색 결과
personal_count_q3,개인카드 승인건수,74.2,억건,2025년 3분기,여신금융협회,서울신문,https://www.seoul.co.kr/news/economy/2025/10/31/20251031500040,뉴스 검색 결과
personal_amount_q4,개인카드 승인금액,266.6,조원,2025년 4분기,여신금융협회,아시아경제,https://view.asiae.co.kr/article/2026013009233453559,뉴스 검색 결과 (복수 기사 일치)
credit_amount_q4,신용카드 승인금액 (법인 포함),252.7,조원,2025년 4분기,여신금융협회,아시아경제,https://view.asiae.co.kr/article/2026013009233453559,뉴스 검색 결과
check_amount_q4,체크카드 승인금액,67.6,조원,2025년 4분기,여신금융협회,아시아경제,https://view.asiae.co.kr/article/2026013009233453559,뉴스 검색 결과
population_total,주민등록인구,51117378,명,2025년 12월 31일,행정안전부,머니투데이,https://www.mt.co.kr/policy/2026/01/04/2026010216565058654,뉴스 검색 결과 (복수 기사 일치)
pop_share_20s,20대 인구 비중,11.12,%,2025년 12월 31일,행정안전부,머니투데이,https://www.mt.co.kr/policy/2026/01/04/2026010216565058654,뉴스 검색 결과 (복수 기사 일치)
pop_share_30s,30대 인구 비중,13.06,%,2025년 12월 31일,행정안전부,머니투데이,https://www.mt.co.kr/policy/2026/01/04/2026010216565058654,뉴스 검색 결과 (복수 기사 일치)
pop_share_40s,40대 인구 비중,14.83,%,2025년 12월 31일,행정안전부,머니투데이,https://www.mt.co.kr/policy/2026/01/04/2026010216565058654,뉴스 검색 결과 (복수 기사 일치)
pop_share_50s,50대 인구 비중,16.89,%,2025년 12월 31일,행정안전부,머니투데이,https://www.mt.co.kr/policy/2026/01/04/2026010216565058654,뉴스 검색 결과 (복수 기사 일치)
pop_share_60s,60대 인구 비중,15.50,%,2025년 12월 31일,행정안전부,머니투데이,https://www.mt.co.kr/policy/2026/01/04/2026010216565058654,뉴스 검색 결과 (복수 기사 일치)
pop_share_70plus,70대 이상 인구 비중,13.76,%,2025년 12월 31일,행정안전부,머니투데이,https://www.mt.co.kr/policy/2026/01/04/2026010216565058654,뉴스 검색 결과 (복수 기사 일치)
